{"cameraMode":{"drawMode":0,"name":"Shaded","section":"Shading Mode"},"sceneLighting":false,"audioPlay":false,"sceneViewState":{"m_AlwaysRefresh":false,"showFog":true,"showSkybox":false,"showFlares":true,"showImageEffects":true,"showParticleSystems":true,"showVisualEffectGraphs":true,"m_FxEnabled":true},"in2DMode":false,"pivot":{"x":2.369999885559082,"y":-2.799999952316284,"z":0.12000000476837158},"rotation":{"x":0.23935817182064057,"y":-0.07274063676595688,"z":0.017985135316848756,"w":0.9680435657501221},"size":2.712435483932495,"orthographic":false}