{"cameraMode":{"drawMode":0,"name":"Shaded","section":"Shading Mode"},"sceneLighting":false,"audioPlay":false,"sceneViewState":{"m_AlwaysRefresh":false,"showFog":true,"showSkybox":false,"showFlares":true,"showImageEffects":true,"showParticleSystems":true,"showVisualEffectGraphs":true,"m_FxEnabled":true},"in2DMode":false,"pivot":{"x":1.5295026302337647,"y":-8.843793869018555,"z":13.290238380432129},"rotation":{"x":0.3975706398487091,"y":0.011010457761585713,"z":-0.004771111067384481,"w":0.9174941778182983},"size":12.693117141723633,"orthographic":false}