{"cameraMode":{"drawMode":0,"name":"Shaded","section":"Shading Mode"},"sceneLighting":false,"audioPlay":false,"sceneViewState":{"m_AlwaysRefresh":false,"showFog":true,"showSkybox":false,"showFlares":true,"showImageEffects":true,"showParticleSystems":true,"showVisualEffectGraphs":true,"m_FxEnabled":true},"in2DMode":false,"pivot":{"x":3.884030818939209,"y":-14.123906135559082,"z":7.683764457702637},"rotation":{"x":0.6173554062843323,"y":-0.005899980664253235,"z":0.004630234558135271,"w":0.7866493463516235},"size":13.869221687316895,"orthographic":false}