{"cameraMode":{"drawMode":0,"name":"Shaded","section":"Shading Mode"},"sceneLighting":false,"audioPlay":false,"sceneViewState":{"m_AlwaysRefresh":false,"showFog":true,"showSkybox":false,"showFlares":true,"showImageEffects":true,"showParticleSystems":true,"showVisualEffectGraphs":true,"m_FxEnabled":true},"in2DMode":false,"pivot":{"x":-1.5321787595748902,"y":-0.7196988463401794,"z":12.023300170898438},"rotation":{"x":0.18285925686359406,"y":0.007372613530606031,"z":-0.0013720245333388448,"w":0.9831188917160034},"size":2.712372303009033,"orthographic":false}