{"cameraMode":{"drawMode":0,"name":"Shaded","section":"Shading Mode"},"sceneLighting":false,"audioPlay":false,"sceneViewState":{"m_AlwaysRefresh":false,"showFog":true,"showSkybox":false,"showFlares":true,"showImageEffects":true,"showParticleSystems":true,"showVisualEffectGraphs":true,"m_FxEnabled":true},"in2DMode":false,"pivot":{"x":-1.9800000190734864,"y":-1.159999966621399,"z":14.829999923706055},"rotation":{"x":0.11779427528381348,"y":-0.5054712891578674,"z":0.06989055871963501,"w":0.8519213199615479},"size":0.6123724579811096,"orthographic":false}