{"cameraMode":{"drawMode":0,"name":"Shaded","section":"Shading Mode"},"sceneLighting":false,"audioPlay":false,"sceneViewState":{"m_AlwaysRefresh":false,"showFog":true,"showSkybox":false,"showFlares":true,"showImageEffects":true,"showParticleSystems":true,"showVisualEffectGraphs":true,"m_FxEnabled":true},"in2DMode":false,"pivot":{"x":2.190000057220459,"y":0.16139888763427735,"z":-3.5131964683532717},"rotation":{"x":0.2551690936088562,"y":-0.29026561975479128,"z":0.08061137795448303,"w":0.9187805652618408},"size":0.000017335431039100513,"orthographic":false}