{"cameraMode":{"drawMode":0,"name":"Shaded","section":"Shading Mode"},"sceneLighting":false,"audioPlay":false,"sceneViewState":{"m_AlwaysRefresh":false,"showFog":true,"showSkybox":false,"showFlares":true,"showImageEffects":true,"showParticleSystems":true,"showVisualEffectGraphs":true,"m_FxEnabled":true},"in2DMode":false,"pivot":{"x":-0.48793870210647585,"y":-1.190015435218811,"z":9.114815711975098},"rotation":{"x":0.23022060096263886,"y":-0.09325368702411652,"z":0.022169824689626695,"w":0.96840900182724},"size":10.264185905456543,"orthographic":true}