{"cameraMode":{"drawMode":0,"name":"Shaded","section":"Shading Mode"},"sceneLighting":true,"audioPlay":false,"sceneViewState":{"m_AlwaysRefresh":false,"showFog":true,"showSkybox":true,"showFlares":true,"showImageEffects":true,"showParticleSystems":true,"showVisualEffectGraphs":true,"m_FxEnabled":true},"in2DMode":false,"pivot":{"x":13.780917167663575,"y":-12.321724891662598,"z":14.206871032714844},"rotation":{"x":0.7017845511436462,"y":-0.0010682375868782402,"z":0.0010531310690566898,"w":0.7123910188674927},"size":10.415349960327149,"orthographic":true}