{"cameraMode":{"drawMode":0,"name":"Shaded","section":"Shading Mode"},"sceneLighting":true,"audioPlay":false,"sceneViewState":{"m_AlwaysRefresh":false,"showFog":true,"showSkybox":true,"showFlares":true,"showImageEffects":true,"showParticleSystems":true,"showVisualEffectGraphs":true,"m_FxEnabled":true},"in2DMode":false,"pivot":{"x":2.122868537902832,"y":-1.5117731094360352,"z":35.073699951171878},"rotation":{"x":-0.17625722289085389,"y":-0.03779120370745659,"z":0.006770494859665632,"w":-0.9836280345916748},"size":8.44514274597168,"orthographic":false}