{"cameraMode":{"drawMode":0,"name":"Shaded","section":"Shading Mode"},"sceneLighting":true,"audioPlay":false,"sceneViewState":{"m_AlwaysRefresh":false,"showFog":true,"showSkybox":true,"showFlares":true,"showImageEffects":true,"showParticleSystems":true,"showVisualEffectGraphs":true,"m_FxEnabled":true},"in2DMode":false,"pivot":{"x":2.639669895172119,"y":6.491307735443115,"z":-2.71177339553833},"rotation":{"x":0.28202080726623537,"y":0.0014381506480276585,"z":-0.00042350668809376657,"w":0.9594156742095947},"size":2.774793863296509,"orthographic":false}