{"cameraMode":{"drawMode":0,"name":"Shaded","section":"Shading Mode"},"sceneLighting":true,"audioPlay":false,"sceneViewState":{"m_AlwaysRefresh":false,"showFog":true,"showSkybox":true,"showFlares":true,"showImageEffects":true,"showParticleSystems":true,"showVisualEffectGraphs":true,"m_FxEnabled":true},"in2DMode":false,"pivot":{"x":-3.6342344284057619,"y":-68.83463287353516,"z":160.54214477539063},"rotation":{"x":-0.2072932869195938,"y":0.009393034502863884,"z":-0.001988504081964493,"w":-0.9782668352127075},"size":93.76033020019531,"orthographic":false}