{"cameraMode":{"drawMode":0,"name":"Shaded","section":"Shading Mode"},"sceneLighting":true,"audioPlay":false,"sceneViewState":{"m_AlwaysRefresh":false,"showFog":true,"showSkybox":true,"showFlares":true,"showImageEffects":true,"showParticleSystems":true,"showVisualEffectGraphs":true,"m_FxEnabled":true},"in2DMode":false,"pivot":{"x":-30.83664321899414,"y":-30.962421417236329,"z":168.45591735839845},"rotation":{"x":-0.08984456211328507,"y":0.08713585883378983,"z":-0.007883311249315739,"w":-0.9921327829360962},"size":91.6928482055664,"orthographic":false}