{"cameraMode":{"drawMode":0,"name":"Shaded","section":"Shading Mode"},"sceneLighting":true,"audioPlay":false,"sceneViewState":{"m_AlwaysRefresh":false,"showFog":true,"showSkybox":true,"showFlares":true,"showImageEffects":true,"showParticleSystems":true,"showVisualEffectGraphs":true,"m_FxEnabled":true},"in2DMode":false,"pivot":{"x":1.3139843940734864,"y":7.152557373046875e-7,"z":1.1552395820617676},"rotation":{"x":-0.20692647993564607,"y":0.43031686544418337,"z":-0.10203203558921814,"w":-0.8727068305015564},"size":10.453444480895996,"orthographic":false}