{"cameraMode":{"drawMode":0,"name":"Shaded","section":"Shading Mode"},"sceneLighting":false,"audioPlay":false,"sceneViewState":{"m_AlwaysRefresh":false,"showFog":true,"showSkybox":false,"showFlares":true,"showImageEffects":true,"showParticleSystems":true,"showVisualEffectGraphs":true,"m_FxEnabled":true},"in2DMode":false,"pivot":{"x":-0.7248732447624207,"y":-1.7800010442733765,"z":20.703929901123048},"rotation":{"x":0.00987953320145607,"y":-0.06145881861448288,"z":0.0006061152089387178,"w":0.998071014881134},"size":2.6601314544677736,"orthographic":true}