{"cameraMode":{"drawMode":0,"name":"Shaded","section":"Shading Mode"},"sceneLighting":false,"audioPlay":false,"sceneViewState":{"m_AlwaysRefresh":false,"showFog":true,"showSkybox":false,"showFlares":true,"showImageEffects":true,"showParticleSystems":true,"showVisualEffectGraphs":true,"m_FxEnabled":true},"in2DMode":false,"pivot":{"x":-0.7248732447624207,"y":-1.7800010442733765,"z":20.703929901123048},"rotation":{"x":0.18557238578796388,"y":-0.050090890377759936,"z":0.00947091169655323,"w":0.9813185930252075},"size":5.307041645050049,"orthographic":true}